Estanteria 1, repisa B, nivel 3;1;Strech ;Comic estampado;Q0.00;Q0.00;;1.5;;
Estanteria 1, repisa B, nivel 3;2;Algod�n licra ;Rojo con lentejuelas ;Q35.00;Q0.00;;3.6;;
Estanteria 1, repisa B, nivel 3;3;Algod�n licra ;Negro, estampado floral ;Q35.00;Q0.00;;5.4;;
Estanteria 1, repisa B, nivel 3;4;Licra;Azul con malla ;Q0.00;Q0.00;;1.8;;
Estanteria 1, repisa B, nivel 3;5;Escuba ;Estampado floral ;Q40.00;Q0.00;;4.1;;
Estanteria 1, repisa B, nivel 3;6;Escuba ;Estampado tropical ;Q40.00;Q0.00;;1.6;;
Estanteria 1, repisa B, nivel 3;7;Licra ;Estampado corazones ;Q0.00;Q0.00;;1.5;;
Estanteria 1, repisa B, nivel 3;8;Piel durazno ;Estampado blanco y negro ;Q14.00;Q0.00;;1.8;;
Estanteria 1, repisa B, nivel 3;9;Piel durazno ;Corinto ;Q14.00;Q0.00;;1.9;;
Estanteria 1, repisa B, nivel 3;10;Piel durazno ;Rosado ;Q14.00;Q0.00;;3.7;;
Estanteria 1, repisa B, nivel 3;11;Algod�n licra ;Estampado floral ;Q35.00;Q0.00;;3.4;;
Estanteria 1, repisa B, nivel 3;12;Licra colombiana ;Verde neon ;Q0.00;Q0.00;;1.2;;
Estanteria 1, repisa B, nivel 3;13;Escuba ;Estampapdo floral ;Q40.00;Q0.00;;6.5;;
Estanteria 1, repisa B, nivel 3;14;Escuba ;Estampado floral ;Q40.00;Q0.00;;1.7;;
Estanteria 1, repisa B, nivel 3;15;Piel durazno ; Estampado floral;Q14.00;Q0.00;;1.8;;
Estanteria 1, repisa B, nivel 3;16;Escuba ;Negro, estampado floral ;Q40.00;Q0.00;;3.8;;
Estanteria 1, repisa B, nivel 3;17;Escuba ;Estampado floral ;Q40.00;Q0.00;;2;;
Estanteria 1, repisa B, nivel 3;18;Piel durazno ;Beige ;Q14.00;Q0.00;;3.5;;
Estanteria 1, repisa B, nivel 3;19;Terciopelo ;Verde ;Q0.00;Q0.00;;4.2;;
Estanteria 1, repisa B, nivel 3;B1;Chifon ;Estampado y corrugadoo ;Q0.00;Q0.00;;2.2;;
Estanteria 1, repisa B, nivel 3;B2;Licra ;Rojo con malla ;Q0.00;Q0.00;;1.8;;
Estanteria 1, repisa B, nivel 3;B3;Licra ;Estampado azul ;Q0.00;Q0.00;;2.4;;
Estanteria 1, repisa B, nivel 3;B4;Licra ;Azul liso ;Q0.00;Q0.00;;1.9;;
Estanteria 1, repisa B, nivel 3;B5;Algod�n ;Rallado ;Q0.00;Q0.00;;0.9;;
Estanteria 1, repisa B, nivel 3;B6;Sublimado;Estampado ;Q0.00;Q0.00;;1.1;;
Estanteria 1, repisa B, nivel 3;B7;Strech ;Estampado floral ;Q0.00;Q0.00;;2.2;;
Estanteria 1, repisa B, nivel 3;B8;Licra ;Cafe rojizo ;Q0.00;Q0.00;;1.9;;
Estanteria 1, repisa B, nivel 3;B9;Strech ;Estampado floral ;Q0.00;Q0.00;;1.9;;
Estanteria 1, repisa B, nivel 3;B10;Escuba ;Estampado tropical ;Q40.00;Q0.00;;7.3;;
Estanteria 1, repisa B, nivel 3;B11;Escuba ;Estampado floral ;Q40.00;Q0.00;;3.8;;
Estanteria 1, repisa B, nivel 3;B12;Strech ;Estampado floral ;Q0.00;Q0.00;;1;;
Estanteria 1, repisa B, nivel 3;B13;Escuba ;Estampado floral ;Q40.00;Q0.00;;5;;
Estanteria 1, repisa B, nivel 3;B14;Algod�n strech ;Negro liso ;Q0.00;Q0.00;;2.9;;
Estanteria 1, repisa B, nivel 3;B15;Algod�n ;Estampado y corrugadoo ;Q0.00;Q0.00;;2.4;;
Estanteria 1, repisa B, nivel 3;B16;Licra ;Estampado azul con negro ;Q0.00;Q0.00;;6.5;;
Estanteria 1, repisa B, nivel 3;B17;Algodon ;Dorado con brillos ;Q0.00;Q0.00;;3;;
Estanteria 1, repisa B, nivel 3;B18;Escuba ;Estampado floral ;Q40.00;Q0.00;;4.9;;
Estanteria 1, repisa B, nivel 3;B19;Algod�n strech ;Gris ;Q0.00;Q0.00;;2.7;;
Estanteria 1, repisa B, nivel 3;B20;Licra ;Anaranjado con malla ;Q0.00;Q0.00;;2;;
Estanteria 1, repisa B, nivel 3;B21;Tul strech ;Beige ;Q0.00;Q0.00;;1.1;;
Estanteria 1, repisa B, nivel 3;B22;Licra ;Turquesa ;Q0.00;Q0.00;;2.1;;
Estanteria 1, repisa B, nivel 3;B23;Algod�n ;Blanco hueso ;Q0.00;Q0.00;;3;;
Estanteria 1, repisa B, nivel 3;B24;Algod�n ;Palo rosa ;Q0.00;Q0.00;;3.2;;
Estanteria 1, repisa B, nivel 3;B25;Escuba ;Estampado tropical ;Q40.00;Q0.00;;1.2;;
Estanteria 1, repisa B, nivel 3;B26;Algod�n strech ;morado ;Q0.00;Q0.00;;0.7;;
Estanteria 1, repisa B, nivel 3;B27;Algod�n ;Celeste ;Q0.00;Q0.00;;0.4;;
Estanteria 1, repisa B, nivel 3;B28;Licra ;Blanco ;Q0.00;Q0.00;;5.2;;
Estanteria 1, repisa B, nivel 3;B29;Licra ;Gris ;Q0.00;Q0.00;;3.7;;
Estanteria 1, repisa B, nivel 3;B30;Algod�n ;Rosa con textura ;Q0.00;Q0.00;;3.7;;
Estanteria 1, repisa B, nivel 3;B40;Algod�n ;Estampado rosa ;Q0.00;Q0.00;;2;;
Estanteria 1, repisa B, nivel 3;B41;Licra  ;Celeste ;Q0.00;Q0.00;;2.2;;
Estanteria 1, repisa B, nivel 3;B42;Algod�n strech ;Negro ;Q0.00;Q0.00;;1.8;;
Estanteria 1, repisa B, nivel 3;B43;Algod�n strech  ;Rosa suave ;Q0.00;Q0.00;;1.8;;
Estanteria 1, repisa B, nivel 3;B44;Algod�n strech ;Negro ;Q0.00;Q0.00;;3.2;;
Estanteria 1, repisa B, nivel 3;B45;Licra ;Estampada ;Q0.00;Q0.00;;1.6;;
Estanteria 1, repisa B, nivel 3;B46;Chicle ;Estampado;Q0.00;Q0.00;;1.7;;
Estanteria 1, repisa B, nivel 3;B47;Lanilla ;Cafe suave ;Q0.00;Q0.00;;2.2;;
Estanteria 1, repisa B, nivel 3;B48;Licra ;Gris oscuro ;Q0.00;Q0.00;;1.9;;
Estanteria 1, repisa B, nivel 3;B49;Algod�n strech ;Estampado floral ;Q0.00;Q0.00;;1.9;;
Estanteria 1, repisa B, nivel 3;B50;Licra ;Estampado leopardo ;Q0.00;Q0.00;;1.6;;
Estanteria 1, repisa B, nivel 3;B51;Licra ;Rosado ;Q0.00;Q0.00;;1.5;;
Estanteria 1, repisa B, nivel 3;B52;Piel durazno ;Estampado floral ;Q14.00;Q0.00;;2;;
Estanteria 1, repisa B, nivel 3;B53;Hilo 16 ;Estampado leopardo ;Q0.00;Q0.00;;1.8;;
Estanteria 1, repisa B, nivel 3;B54;Crepe ;Rosado platinado ;Q0.00;Q0.00;;0.8;;
Estanteria 1, repisa B, nivel 3;B55;Crepe ;Caf� platinado;Q0.00;Q0.00;;1.7;;
Estanteria 1, repisa B, nivel 3;B56;Licra ;Rosado ;Q0.00;Q0.00;;1.7;;
Estanteria 1, repisa B, nivel 3;B57;Licra ;Estampado leopardo ;Q0.00;Q0.00;;1.3;;
Estanteria 1, repisa B, nivel 3;B58;Licra ;Estampado navide�o ;Q0.00;Q0.00;;2;;
Estanteria 1, repisa B, nivel 3;B59;Forro ;Blanco ;Q0.00;Q0.00;;1.3;;
Estanteria 1, repisa B, nivel 3;B60;0;0;Q0.00;Q0.00;;0;;
Estanteria 1, repisa B, nivel 3;B61;crepe ;Champagne ;Q0.00;Q0.00;;3.6;;
Estanteria 1, repisa B, nivel 3;B62;Toalla de bata;Verde ;Q0.00;Q0.00;;2.2;;
Estanteria 1, repisa B, nivel 3;B63;Piel durazno ; Estampado navide�o ;Q14.00;Q0.00;;1.4;;
Estanteria 1, repisa B, nivel 3;B64;Piel durazno ;Estampado ;Q14.00;Q0.00;;2.2;;
Estanteria 1, repisa B, nivel 3;B65;Algodo strech ;Negro ;Q0.00;Q0.00;;1.7;;
Estanteria 1, repisa B, nivel 3;B66;Algod�n ;Verde oscuro ;Q0.00;Q0.00;;1;;
Estanteria 1, repisa B, nivel 3;B67;Algod�n ;Rosado ;Q0.00;Q0.00;;1.2;;
Estanteria 1, repisa B, nivel 3;B68;Algod�n ;Blanco ;Q0.00;Q0.00;;1;;
Estanteria 1, repisa B, nivel 3;B69;Algod�n strech ;Azul oscuro ;Q0.00;Q0.00;;1.2;;
Estanteria 1, repisa B, nivel 3;B70;Charmus ;Gris ;Q0.00;Q0.00;;3;;
Estanteria 1, repisa B, nivel 3;B71;piel de durazno   ;Rosado ;Q14.00;Q0.00;;3.5;;
Estanteria 1, repisa B, nivel 3;B72;piel de durazno   ;Celeste ;Q14.00;Q0.00;;5;;
Estanteria 1, repisa B, nivel 3;B73;Escuba  ;Corinto ;Q40.00;Q0.00;;3.4;;
Estanteria 1, repisa B, nivel 3;B74;Ponchito;Cafe ;Q0.00;Q0.00;;1.5;;
Estanteria 1, repisa B, nivel 3;B75;Escuba ;Estampado floral ;Q40.00;Q0.00;;1.6;;
Estanteria 1, repisa B, nivel 3;B76;Licra ;Estampado flroal ;Q0.00;Q0.00;;4;;
Estanteria 1, repisa B, nivel 3;B77;piel de durazno   ;Blanco ;Q0.00;Q0.00;;1.6;;
Estanteria 1, repisa B, nivel 3;B78;Tela para faja ;Beige ;Q0.00;Q0.00;;38;;
Estanteria 1, repisa B, nivel 3;B79;Piel de durazno ;Estampado snoopy ;Q0.00;Q0.00;;22;;
Estanteria 1, repisa B, nivel 3;B80;Algod�n ;Blanco ;Q0.00;Q0.00;;0;;
Estanteria 4, repisa B, nivel 3 ;B81;Crepe ;Verde esmeralda ;Q0.00;Q0.00;;3.5;;
Estanteria 4, repisa B, nivel 3 ;B82;0;0;Q0.00;Q0.00;;0;;
Estanteria 4, repisa B, nivel 3 ;B83;piel de durazno   ;Estampado de luces ;Q14.00;Q0.00;;2;;
Estanteria 4, repisa B, nivel 3 ;B84;piel de durazno   ;Estampado navide�o ;Q14.00;Q0.00;;2;;
Estanteria 4, repisa B, nivel 3 ;B85;piel de durazno   ;Estampado de hello kitty ;Q14.00;Q0.00;;4.6;;
Estanteria 4, repisa B, nivel 3 ;B86;piel de durazno   ;Estampado de luces ;Q14.00;Q0.00;;2;;
Estanteria 4, repisa B, nivel 3 ;B87;Algod�n licra ;Rosado ;Q0.00;Q0.00;;2.6;;
Estanteria 4, repisa B, nivel 3 ;B88;Algod�n strech ;Corinto ;Q0.00;Q0.00;;1.6;;
Estanteria 4, repisa B, nivel 3 ;B89;Escuba ;Negro estampado floral ;Q40.00;Q0.00;;1.6;;
Estanteria 4, repisa B, nivel 3 ;B90;Escuba ;Blanco estampado floral ;Q40.00;Q0.00;;1.4;;
Estanteria 4, repisa B, nivel 3 ;B91;Licra ;Azul oscuro ;Q0.00;Q0.00;;2.8;;
Estanteria 4, repisa B, nivel 3 ;B92;Algod�n ;Azul;Q0.00;Q0.00;;2;;
Estanteria 4, repisa B, nivel 3 ;B93;Quiana ;Negro ;Q0.00;Q0.00;;2;;
Estanteria 4, repisa B, nivel 3 ;B94;piel de durazno   ;Estampado de minnie mouse ;Q0.00;Q0.00;;3.5;;
Estanteria 4, repisa B, nivel 3 ;B95;piel de durazno   ;Estampadoo minnie mouse ;Q0.00;Q0.00;;6.3;;
Estanteria 4, repisa B, nivel 3 ;B96;Algod�n ;Negro con brillos ;Q0.00;Q0.00;;1.8;;
Estanteria 4, repisa B, nivel 3 ;B97;Sudadero reversible ;Poncho por dentro y liso por fuera;Q0.00;Q0.00;;4;;
Estanteria 4, repisa B, nivel 3 ;B98;Licra ;Estampadoo floral ;Q0.00;Q0.00;;5;;
Estanteria 4, repisa B, nivel 3 ;B99;Algod�n licra ;Estampado mickey mosue ;Q0.00;Q0.00;;5;;
Estanteria 4, repisa B, nivel 3 ;B100;Escuba ;Negro ;Q40.00;Q0.00;;4.7;;
Estanteria 4, repisa B, nivel 3 ;B101;Tela de toalla ;Rosada ;Q0.00;Q0.00;;1.2;;
Estanteria 4, repisa B, nivel 3 ;B102;Licra ;Rosado neon ;Q0.00;Q0.00;;1.5;;
Estanteria 4, repisa B, nivel 3 ;B103;Licra ;Azul oscuro ;Q0.00;Q0.00;;4;;
Estanteria 4, repisa B, nivel 3 ;B104;Licra ;Rosada ;Q0.00;Q0.00;;3.2;;
Estanteria 4, repisa B, nivel 3 ;B105;Encaje ;Negro con brillos ;Q0.00;Q0.00;;1.6;;
Estanteria 4, repisa B, nivel 3 ;B106;Crepe ;Morado ;Q0.00;Q0.00;;3;;
Estanteria 4, repisa B, nivel 3 ;B107;Ecuba ;Estampado de flores ;Q40.00;Q0.00;;3.5;;
Estanteria 4, repisa B, nivel 3 ;B108;Piel de durazno ;Estampado navide�o ;Q14.00;Q0.00;;1.15;;
Estanteria 4, repisa B, nivel 3 ;B109;Piel de durazno;Estampado de luces ;Q14.00;Q0.00;;1.5;;
Estanteria 4, repisa B, nivel 3 ;B110;Piel de durazno ;Estampado navide�o ;Q14.00;Q0.00;;2.2;;
Estanteria 4, repisa B, nivel 3 ;B111;Piel de durazno ;Estampado de luces ;Q14.00;Q0.00;;1.2;;
Estanteria 4, repisa B, nivel 3 ;B112;Piel de durazno ;Estampado de amor ;Q14.00;Q0.00;;2;;
Estanteria 4, repisa B, nivel 3 ;B113;Algod�n ;Estampado flora ;Q0.00;Q0.00;;1.9;;
Estanteria 4, repisa B, nivel 3 ;B114;Licra metalica ;Azul ;Q0.00;Q0.00;;2.5;;
Estanteria 4, repisa B, nivel 3 ;B115;Crepe ;Celeste ;Q0.00;Q0.00;;1;;
Estanteria 4, repisa B, nivel 3 ;B116;Crepe ;Azul ;Q0.00;Q0.00;;3;;
Estanteria 4, repisa B, nivel 3 ;B117;Crepe ;Gris ;Q0.00;Q0.00;;1;;
Estanteria 4, repisa B, nivel 3 ;B118;Piel de durazno ;Estampadoo navide�o ;Q14.00;Q0.00;;1;;
Estanteria 4, repisa B, nivel 3 ;B119;Piel de durazno ;Estampado navide�o ;Q14.00;Q0.00;;1.2;;
Estanteria 4, repisa B, nivel 3 ;B120;Piel de durazno ;Estampado de mickey mouse ;Q14.00;Q0.00;;1;;
Estanteria 4, repisa B, nivel 3 ;B121;Licra metalica ;Roja ;Q14.00;Q0.00;;3;;
Estanteria 4, repisa B, nivel 3 ;B122;Gabardina strech ;Azul ;Q0.00;Q0.00;;3;;
Estanteria 4, repisa B, nivel 3 ;B123;Algod�n licra ;Gris ;Q0.00;Q0.00;;1.5;;
Estanteria 4, repisa B, nivel 3 ;B124;Cuerina ;Negra ;Q0.00;Q0.00;;3;;
Estanteria 4, repisa B, nivel 3 ;B125;Escuba ;Estampado floral ;Q40.00;Q0.00;;4.8;;
Estanteria 4, repisa B, nivel 3 ;B126;Licra metalica ;Gris ;Q0.00;Q0.00;;2;;
Estanteria 4, repisa B, nivel 3 ;B127;Piel de durazno ;Estampado de minie mouse ;Q14.00;Q0.00;;9.2;;
Estanteria 4, repisa B, nivel 3 ;B128;Piel de durazno ;Degrade de azul ;Q14.00;Q0.00;;9;;
Estanteria 4, repisa B, nivel 3 ;B129;Piel de durazno ;Degrade de verde ;Q14.00;Q0.00;;7.2;;
Estanteria 4, repisa B, nivel 3 ;B130;Piel de durazno ;Degrade de celeste ;Q14.00;Q0.00;;5;;
Estanteria 4, repisa B, nivel 3 ;B131;Piel de durazno ;Estampado de hello kitty ;Q14.00;Q0.00;;8.2;;
Estanteria 2, repisa B, nivel 3;B132; Fantasia ;Azul con textura ;Q0.00;Q0.00;;1.4;;
Estanteria 2, repisa B, nivel 3;B133;Chifon ;Rosado claro ;Q0.00;Q0.00;;1;;
Estanteria 2, repisa B, nivel 3;B134;Fantasia ;Plateado ;Q0.00;Q0.00;;2;;
Estanteria 2, repisa B, nivel 3;B135;Licra metalica ;Rosada ;Q0.00;Q0.00;;1.8;;
Estanteria 2, repisa B, nivel 3;B136; Fantasia ;Cafe ;Q0.00;Q0.00;;1;;
Estanteria 2, repisa B, nivel 3;B137;Charmus ;Azul ;Q0.00;Q0.00;;3;;
Estanteria 2, repisa B, nivel 3;B138;Charmus brotado ;Negro con textura ;Q0.00;Q0.00;;2.8;;
Estanteria 2, repisa B, nivel 3;B139;Malla fantatsia ;Morado ;Q0.00;Q0.00;;1.2;;
Estanteria 2, repisa B, nivel 3;B140;Chifon ;Azul ;Q0.00;Q0.00;;1.4;;
Estanteria 2, repisa B, nivel 3;B141;Encaje ;Blanco;Q0.00;Q0.00;;1;;
Estanteria 2, repisa B, nivel 3;B142;Satin ;decorado;Q0.00;Q0.00;;2.6;;
Estanteria 2, repisa B, nivel 3;B143;Satin brocado ;Rosado;Q0.00;Q0.00;;2.5;;
Estanteria 2, repisa B, nivel 3;B144;Satin brocado ;Rojo;Q0.00;Q0.00;;4.5;;
Estanteria 2, repisa B, nivel 3;B145;0;0;Q0.00;Q0.00;;0;;
Estanteria 2, repisa B, nivel 3;B146;Satin brocado ;Verde ;Q0.00;Q0.00;;0;;
Estanteria 2, repisa B, nivel 3;B147;0;0;Q0.00;Q0.00;;0;;
Estanteria 2, repisa B, nivel 3;B148;0;0;Q0.00;Q0.00;;0;;
Estanteria 2, repisa B, nivel 3;B149;Satin brocado ;Champange;Q0.00;Q0.00;;2.5;;
Estanteria 2, repisa B, nivel 3;B150;Satin brocado ;Rosado fuerte ;Q0.00;Q0.00;;1.9;;
Estanteria 2, repisa B, nivel 3;B151;Tela de forro pasley ;Negro con estampado ;Q0.00;Q0.00;;2;;
Estanteria 2, repisa B, nivel 3;B152;Fantasia ;Verde ;Q0.00;Q0.00;;1.2;;
Estanteria 2, repisa B, nivel 3;B153;Chifon corrugado ;Estampado floral ;Q0.00;Q0.00;;1;;
Estanteria 2, repisa B, nivel 3;B154;Chifon ;color durazno ;Q0.00;Q0.00;;4.9;;
Estanteria 2, repisa B, nivel 3;B155;Chifon ;Celeste  con estampado floral ;Q0.00;Q0.00;;4;;
Estanteria 2, repisa B, nivel 3;B156;Chifon ;Morado con estampado floral ;Q0.00;Q0.00;;1.7;;
Estanteria 2, repisa B, nivel 3;B157;Chifon ;Estampado de figuras azules ;Q0.00;Q0.00;;3.2;;
Estanteria 2, repisa B, nivel 3;B158;Chifon corrugado ;Estampado ;Q0.00;Q0.00;;1;;
Estanteria 2, repisa B, nivel 3;B159;Chifon ;Estampado ;Q0.00;Q0.00;;2.8;;
Estanteria 2, repisa B, nivel 3;B160;Chifon ;Negro estampado ;Q0.00;Q0.00;;1;;
Estanteria 2, repisa B, nivel 3;B161;Chifon ;caf� ;Q0.00;Q0.00;;0.8;;
Estanteria 2, repisa B, nivel 3;B162;Chifon corrugado ;Estamapado de flores ;Q0.00;Q0.00;;1;;
Estanteria 2, repisa B, nivel 3;B163;Chifon ;Estampado de flores ;Q0.00;Q0.00;;1.2;;
Estanteria 2, repisa B, nivel 3;B164;chifon ;estampado ;Q0.00;Q0.00;;2.2;;
Estanteria 2, repisa B, nivel 3;B165;Chifon;aqua liso ;Q0.00;Q0.00;;4;;
Estanteria 2, repisa B, nivel 3;B166;Chifon ;estampado ;Q0.00;Q0.00;;5.7;;
Estanteria 2, repisa B, nivel 3;B167;Tela para tapiceria o cortinas;etsmapado ;Q0.00;Q0.00;;5.7;;
Estanteria 2, repisa B, nivel 3;B168;Charli ;rayado ;Q0.00;Q0.00;;2.4;;
Estanteria 2, repisa B, nivel 3;B169;Chifon ;negro ;Q0.00;Q0.00;;1;;
Estanteria 2, repisa B, nivel 3;B170;Gabardina nacional ;Gris ;Q0.00;Q0.00;;0.4;;
Estanteria 2, repisa B, nivel 3;B171;Chifon ;cuadricula ;Q0.00;Q0.00;;2;;
Estanteria 2, repisa B, nivel 3;B172;Chifon ;azul liso ;Q0.00;Q0.00;;2.8;;
Estanteria 2, repisa B, nivel 3;B173;Chifon ;rosado ;Q0.00;Q0.00;;2.4;;
Estanteria 2, repisa B, nivel 3;B174;Chifon ;estampado ;Q0.00;Q0.00;;1.2;;
Estanteria 2, repisa B, nivel 3;B175;Gabardina ;rosada ;Q0.00;Q0.00;;6;;
Estanteria 2, repisa B, nivel 3;B176;Gabardina ;amarilla ;Q0.00;Q0.00;;5;;
Estanteria 2, repisa B, nivel 3;B177;Gabardina;Negro ;Q0.00;Q0.00;;4;;
Estanteria 2, repisa B, nivel 3;B178;Gabardina ;Rosado claro ;Q0.00;Q0.00;;5.25;;
Estanteria 2, repisa B, nivel 3;B179;Gabardina ;gris oscuro ;Q0.00;Q0.00;;4.25;;
Estanteria 2, repisa B, nivel 3;B180;Gabardina ;gris claro ;Q0.00;Q0.00;;4;;
Estanteria 2, repisa B, nivel 3;B181;Chai ;Verde ;Q0.00;Q0.00;;2;;
Estanteria 2, repisa B, nivel 3;B182;Tela Bordada ;Negra ;Q0.00;Q0.00;;4;;
Estanteria 2, repisa B, nivel 3;B183;Lamy ;rojo ;Q0.00;Q0.00;;2;;
Estanteria 2, repisa B, nivel 3;B184;Nylon ;negro ;Q0.00;Q0.00;;2.25;;
Estanteria 2, repisa B, nivel 3;B185;Lino ;Beige ;Q0.00;Q0.00;;2.1;;
Estanteria 2, repisa B, nivel 3;B186;Charly ;Estampado azul ;Q0.00;Q0.00;;9;;
Estanteria 2, repisa B, nivel 3;B187;Algod�n ;Negro estampado ;Q0.00;Q0.00;;10;;
Estanteria 2, repisa B, nivel 3;B188;Lino ;gris claro ;Q0.00;Q0.00;;10;;
Estanteria 2, repisa B, nivel 3;B189;Sabana ;Estampada ;Q0.00;Q0.00;;6;;
Estanteria 4, repisa B, nivel 3;B190;Sudadero  ;Negro ;Q0.00;Q0.00;;0.5;;
Estanteria 4, repisa B, nivel 3;B191;Malla  ;Blanca ;Q0.00;Q0.00;;1.75;;
Estanteria 4, repisa B, nivel 3;B192;Lino ;Celeste ;Q0.00;Q0.00;;0.5;;
Estanteria 4, repisa B, nivel 3;B193;Nylon de seda ;Estampado ;Q0.00;Q0.00;;1;;
Estanteria 4, repisa B, nivel 3;B194;Tafefy ;Azul ;Q0.00;Q0.00;;0.5;;
Estanteria 4, repisa B, nivel 3;B195;Charly strech ;azul ;Q0.00;Q0.00;;1.5;;
Estanteria 4, repisa B, nivel 3;B196;Lami ;lila ;Q0.00;Q0.00;;1;;
Estanteria 4, repisa B, nivel 3;B197;Charmus ;Dorado  ;Q0.00;Q0.00;;1;;
Estanteria 4, repisa B, nivel 3;B198;Charmus ;Beige ;Q0.00;Q0.00;;5;;
Estanteria 4, repisa B, nivel 3;B199;Lami ;Rosado ;Q0.00;Q0.00;;2.5;;
Estanteria 4, repisa B, nivel 3;B200;Lami ;Verde ;Q0.00;Q0.00;;3.2;;
Estanteria 4, repisa B, nivel 3;B201;Lami ;Rojo ;Q0.00;Q0.00;;7;;
Estanteria 4, repisa B, nivel 3;B202;Lami ;Celeste ;Q0.00;Q0.00;;4;;
Estanteria 4, repisa B, nivel 3;B203;Lami;Gris ;Q0.00;Q0.00;;0.5;;
Estanteria 4, repisa B, nivel 3;B204;Lami ;Celeste ;Q0.00;Q0.00;;3.25;;
Estanteria 4, repisa B, nivel 3;B205;Crepe ;Verde ;Q0.00;Q0.00;;1.5;;
Estanteria 4, repisa B, nivel 3;B206;Charmus ;Estampado ;Q0.00;Q0.00;;1;;
Estanteria 4, repisa B, nivel 3;B207;Algod�n ;celeste de bebe ;Q0.00;Q0.00;;7;;
Estanteria 4, repisa B, nivel 3;B208;Seda ;Estampado de animales marinos ;Q0.00;Q0.00;;3;;
Estanteria 4, repisa B, nivel 3;B209;Daron ;Estampado infantil ;Q0.00;Q0.00;;3;;
Estanteria 4, repisa B, nivel 3;B210;Seda ;blanco de putos negros ;Q0.00;Q0.00;;4.5;;
Estanteria 4, repisa B, nivel 3;B211;Algodon ;Estampado de bebe ;Q0.00;Q0.00;;1;;
Estanteria 4, repisa B, nivel 3;B212;Dalvon ;rayado ;Q0.00;Q0.00;;3.5;;
Estanteria 4, repisa B, nivel 3;B213;Franela ;estampado de bebe ;Q0.00;Q0.00;;3.5;;
Estanteria 4, repisa B, nivel 3;B214;Franela ;Celeste ;Q0.00;Q0.00;;1;;
Estanteria 4, repisa B, nivel 3;B215;Franela ;Amarilla, estampado de bebe ;Q0.00;Q0.00;;3;;
Estanteria 4, repisa B, nivel 3;B216;Dacron;estampado azul ;Q0.00;Q0.00;;2.5;;
Estanteria 4, repisa B, nivel 3;B217;Dacron;Rosado rayado ;Q0.00;Q0.00;;5;;
Estanteria 4, repisa B, nivel 3;B218;Dacron;Negro con lunares blancos ;Q0.00;Q0.00;;4;;
Estanteria 4, repisa B, nivel 3;B219;Dacron;estamado negro ;Q0.00;Q0.00;;4;;
Estanteria 4, repisa B, nivel 3;B220;Dacron;estampado negro ;Q0.00;Q0.00;;4;;
Estanteria 4, repisa B, nivel 3;B221;Nylon seda ;Rosado ;Q0.00;Q0.00;;2.25;;
Estanteria 4, repisa B, nivel 3;B222;Lami ;Rosado ;Q0.00;Q0.00;;1;;
Estanteria 4, repisa B, nivel 3;B223;Lami ;Blanco ;Q0.00;Q0.00;;2.5;;
Estanteria 4, repisa B, nivel 3;B224;Gabardina ;Celeste ;Q0.00;Q0.00;;2.5;;
Estanteria 4, repisa B, nivel 3;B225;Chai ;Negro ;Q0.00;Q0.00;;23.5;;
Estanteria 4, repisa B, nivel 3;B226;Charmus ;Amarillo ;Q0.00;Q0.00;;3;;
Estanteria 4, repisa B, nivel 3;B227;Gabardina ;zapote ;Q0.00;Q0.00;;1.5;;
Estanteria 4, repisa B, nivel 3;B228;Lami ;amarillo ;Q0.00;Q0.00;;2;;
Estanteria 4, repisa B, nivel 3;B229;Dacron Strech ;Rayado Celeste ;Q0.00;Q0.00;;9.5;;
Estanteria 4, repisa B, nivel 3;B230;Dacron  ;aqua liso ;Q0.00;Q0.00;;4;;
Estanteria 4, repisa B, nivel 3;B231;Lami;Negro ;Q0.00;Q0.00;;1;;
Estanteria 4, repisa B, nivel 3;B232;Lami ;Blanco hueso ;Q0.00;Q0.00;;2;;
Estanteria 4, repisa B, nivel 3;B233;Lanilla ;Rosado ;Q0.00;Q0.00;;0.4;;
Estanteria 4, repisa B, nivel 3;B234;Dacron ;Blanco ;Q0.00;Q0.00;;0.5;;
Estanteria 4, repisa B, nivel 3;B235;Tela de tapiz ;Gris ;Q0.00;Q0.00;;0.5;;
Estanteria 4, repisa B, nivel 3;B236;Lino ;cuadricula ;Q0.00;Q0.00;;0.5;;
Estanteria 4, repisa B, nivel 3;B237;Lanilla ;Azul y negro ;Q0.00;Q0.00;;2;;
Estanteria 4, repisa B, nivel 3;B238;Dacron ;blanco estampado  ;Q0.00;Q0.00;;2.5;;
Estanteria 4, repisa B, nivel 3;B239;Lanilla ;Coral ;Q0.00;Q0.00;;1;;
Estanteria 4, repisa B, nivel 3;B240;Dacron ;Blanco ;Q0.00;Q0.00;;2;;
Estanteria 4, repisa B, nivel 3;B241;Lanilla ;Verde ;Q0.00;Q0.00;;2;;
Estanteria 4, repisa B, nivel 3;B242;Franela ;gris ;Q0.00;Q0.00;;2;;
Estanteria 4, repisa B, nivel 3;B243;Franela ;Celeste ;Q0.00;Q0.00;;3.75;;
Estanteria 4, repisa B, nivel 3;B244;Tela de pants ;Gris ;Q0.00;Q0.00;;0.5;;
Estanteria 4, repisa B, nivel 3;B245;Lami ;negro ;Q0.00;Q0.00;;2;;
Estanteria 4, repisa B, nivel 3;B246;Chifon ;Caf� ;Q0.00;Q0.00;;6.25;;
Estanteria 4, repisa B, nivel 3;B247;Tela de pants ;negro ;Q0.00;Q0.00;;0.75;;
Estanteria 4, repisa B, nivel 3;B248;Fantasia ;Blanco platinado ;Q0.00;Q0.00;;3;;
Estanteria 4, repisa B, nivel 3;B249;Dacron ;blanco ;Q0.00;Q0.00;;3;;
Estanteria 4, repisa B, nivel 3;B250;Charli ;Rosado y azul ;Q0.00;Q0.00;;4.5;;
Estanteria 4, repisa A, nivel 2;A251;Toalla   ;Blanco ;Q0.00;Q0.00;;1;;
Estanteria 4, repisa A, nivel 2;A252;Chifon ;negro ;Q0.00;Q0.00;;3;;
Estanteria 4, repisa A, nivel 2;A253;Chifon;Morado ;Q0.00;Q0.00;;6;;
Estanteria 4, repisa A, nivel 2;A254;Charli ;Negro con puntos blancos ;Q0.00;Q0.00;;3;;
Estanteria 4, repisa A, nivel 2;A255;Lami ;Turquesa ;Q0.00;Q0.00;;3;;
Estanteria 4, repisa A, nivel 2;A256;Seda labreada ;azul ;Q0.00;Q0.00;;1;;
Estanteria 4, repisa A, nivel 2;A257;Dacron ;Rosado ;Q0.00;Q0.00;;2;;
Estanteria 4, repisa A, nivel 2;A258;Dacron ;Gris;Q0.00;Q0.00;;2.5;;
Estanteria 4, repisa A, nivel 2;A259;Manta ;azul ;Q0.00;Q0.00;;3;;
Estanteria 4, repisa A, nivel 2;A260;Fantasia ;Dorado ;Q0.00;Q0.00;;2.5;;
Estanteria 4, repisa A, nivel 2;A261;Piel de durazno ;Estampado navide�o ;Q0.00;Q0.00;;3;;
Estanteria 4, repisa A, nivel 2;A262;pieque ;gris ;Q0.00;Q0.00;;12;;
Estanteria 4, repisa A, nivel 2;A263;Fantasia ;Morado / Rosado ;Q0.00;Q0.00;;1.3;;
Estanteria 4, repisa A, nivel 2;A264;Escuba ;Negro ;Q0.00;Q0.00;;1;;
Estanteria 4, repisa A, nivel 2;A265;Algod�n ;Morado ;Q0.00;Q0.00;;1.75;;
Estanteria 4, repisa A, nivel 2;A266;Fantasia ;Tornasol ;Q0.00;Q0.00;;2;;
Estanteria 4, repisa A, nivel 2;A267;Crepe ;Morado ;Q0.00;Q0.00;;3;;
Estanteria 4, repisa A, nivel 2;A268;Chifon ;negro con agujeros ;Q0.00;Q0.00;;9.5;;
Estanteria 4, repisa A, nivel 2;A269;Charli ;rayado ;Q0.00;Q0.00;;3;;
Estanteria 4, repisa A, nivel 2;A270;Malla con brillos ;rosado metalico ;Q0.00;Q0.00;;7;;
Estanteria 4, repisa A, nivel 2;A271;Lanilla ;Verde menta ;Q0.00;Q0.00;;1.5;;
Estanteria 4, repisa A, nivel 2;A272;Dacron ;cuadricula ;Q0.00;Q0.00;;2;;
Estanteria 4, repisa A, nivel 2;A273;Charli ;Verde ;Q0.00;Q0.00;;2.5;;
Estanteria 4, repisa A, nivel 2;A274;Seda ;Azul ;Q0.00;Q0.00;;1;;
Estanteria 4, repisa A, nivel 2;A275;Charli ;Rayado ;Q0.00;Q0.00;;2.5;;
Estanteria 4, repisa A, nivel 2;A276;Pique ;Gris ;Q0.00;Q0.00;;5;;
Estanteria 4, repisa A, nivel 2;A277;Fantasia ;Naranja ;Q0.00;Q0.00;;0.25;;
Estanteria 4, repisa A, nivel 2;A278;Tul;Decorado de rosas rosadas ;Q0.00;Q0.00;;1.2;;
Estanteria 4, repisa A, nivel 2;A279;Fantasia ;Plateado ;Q0.00;Q0.00;;5;;
Estanteria 4, repisa A, nivel 2;A280;Fantasia ;dorado ;Q0.00;Q0.00;;1;;
Estanteria 4, repisa A, nivel 2;A281;Cuerina ;Negro ;Q0.00;Q0.00;;3.25;;
Estanteria 4, repisa A, nivel 2;A282;Algod�n strech ;Amarillo ;Q0.00;Q0.00;;31.5;;
Estanteria 4, repisa A, nivel 2;A283;Algod�n strech ;Negro ;Q0.00;Q0.00;;4;;
Estanteria 4, repisa A, nivel 2;A284;Tela de pants ;Azul ;Q0.00;Q0.00;;4.25;;
Estanteria 4, repisa A, nivel 2;A285;Algod�n strech ;Negro ;Q0.00;Q0.00;;5;;
Estanteria 4, repisa A, nivel 2;A286;Pique ;Corinto ;Q0.00;Q0.00;;13.5;;
Estanteria 4, repisa A, nivel 2;A287;Algod�n strech ;Rosado ;Q0.00;Q0.00;;22;;
Estanteria 4, repisa A, nivel 2;A288;Fantasia ;dorado ;Q0.00;Q0.00;;4;;
Estanteria 4, repisa A, nivel 2;A289;Escuba ;Negro ;Q0.00;Q0.00;;10;;
Estanteria 4, repisa A, nivel 2;A290;Ponchito ;Blanco ;Q0.00;Q0.00;;1.75;;
Estanteria 4, repisa A, nivel 2;A291;Piel de durazno ;Gris ;Q0.00;Q0.00;;1.5;;
Estanteria 4, repisa A, nivel 2;A292;Pique ;Rosado ;Q0.00;Q0.00;;3;;
Estanteria 4, repisa A, nivel 2;A293;Seda ;Negro ;Q0.00;Q0.00;;4;;
Estanteria 4, repisa A, nivel 2;A294;Chifon ;Negro ;Q0.00;Q0.00;;4;;
Estanteria 4, repisa A, nivel 2;A295;Gabardina ;negro ;Q0.00;Q0.00;;4.25;;
Estanteria 4, repisa A, nivel 2;A296;Gabardina ;negro ;Q0.00;Q0.00;;12.75;;
Estanteria 4, repisa A, nivel 2;A297;Fantasia ;Gris ;Q0.00;Q0.00;;4.5;;
Estanteria 4, repisa A, nivel 2;A298;Gabardina ;Beige ;Q0.00;Q0.00;;7.75;;
Estanteria 4, repisa A, nivel 2;A299;Tul decorado ;Naranja ;Q0.00;Q0.00;;0.5;;
Estanteria 4, repisa A, nivel 2;A300;Algod�n con textura ;Blanco ;Q0.00;Q0.00;;0.5;;
Estanteria 4, repisa A, nivel 2;A301;Tul decorado ;negro ;Q0.00;Q0.00;;0.5;;
Estanteria 4, repisa A, nivel 2;A302;Seda ;Morada ;Q0.00;Q0.00;;3.75;;
Estanteria 4, repisa A, nivel 2;A303;Algod�n ;azul ;Q0.00;Q0.00;;34;;
Estanteria 4, repisa A, nivel 2;A304;Licra ;celeste ;Q0.00;Q0.00;;6;;
Estanteria 4, repisa A, nivel 2;A305;Chifon ;caf� ;Q0.00;Q0.00;;9;;
Estanteria 4, repisa A, nivel 2;A306;algod�n ;celeste ;Q0.00;Q0.00;;20.5;;
Estanteria 4, repisa A, nivel 2;A307;Tul decorado ;blanco con flores ;Q0.00;Q0.00;;1;;
Estanteria 4, repisa A, nivel 2;A308;Crepe ;gris ;Q0.00;Q0.00;;1.25;;
Estanteria 4, repisa A, nivel 2;A309;Tela de tapiz ;Beige;Q0.00;Q0.00;;0.75;;
Estanteria 4, repisa A, nivel 2;A310;Algod�n ;blanco ;Q0.00;Q0.00;;12.75;;
Estanteria 4, repisa A, nivel 2;A311;Tela para tapceria ;negro ;Q0.00;Q0.00;;2;;
Estanteria 4, repisa A, nivel 2;A312;Gabardina ;negra ;Q0.00;Q0.00;;5.5;;
Estanteria 4, repisa A, nivel 2;A313;Piel durazno ;rosado fuerte ;Q0.00;Q0.00;;2.75;;
Estanteria 4, repisa A, nivel 2;A314;Impermiable ;amarillo ;Q0.00;Q0.00;;2;;
Estanteria 4, repisa A, nivel 2;A315;Piel durazno ;camuflageado ;Q0.00;Q0.00;;0.5;;
Estanteria 4, repisa A, nivel 2;A316;Tela para tapiceria  ;estampado color blanco ;Q0.00;Q0.00;;0.25;;
Estanteria 4, repisa A, nivel 2;A317;Impermiable ;decorado de rosas negras ;Q0.00;Q0.00;;2;;
Estanteria 4, repisa A, nivel 2;A318;Impermiabla ;azul;Q0.00;Q0.00;;1.75;;
Estanteria 4, repisa A, nivel 2;A319;Escuba ;estampado floral ;Q0.00;Q0.00;;3;;
Estanteria 4, repisa A, nivel 2;A320;Yoga delgada ;blanco con brillos;Q0.00;Q0.00;;4.75;;
Estanteria 4, repisa A, nivel 2;A321;Algod�n ;azul ;Q0.00;Q0.00;;6.75;;
Estanteria 4, repisa A, nivel 2;A322;Licra de calzoneta ;azul ;Q0.00;Q0.00;;7.25;;
Estanteria 4, repisa A, nivel 2;A323;Piel durazno ;verde musgo ;Q0.00;Q0.00;;3.25;;
Estanteria 4, repisa A, nivel 2;A324;Pique ;negro ;Q0.00;Q0.00;;11;;
Estanteria 4, repisa A, nivel 2;A325;Tela para sudadero ;negro ;Q0.00;Q0.00;;5;;
Estanteria 4, repisa A, nivel 2;A326;Algod�n strech ;celeste ;Q0.00;Q0.00;;8;;
Estanteria 4, repisa A, nivel 2;A327;Licra ;Estampado blanco y negro ;Q0.00;Q0.00;;14.25;;
Estanteria 4, repisa A, nivel 2;A328;Piel durazno ;rosado fuerte ;Q0.00;Q0.00;;7.25;;
Estanteria 4, repisa A, nivel 2;A329;Terciopelo ;rosado fuerte ;Q0.00;Q0.00;;4.5;;
Estanteria 4, repisa A, nivel 2;A330;Algod�n ;acua ;Q0.00;Q0.00;;15.5;;
Estanteria 4, repisa A, nivel 2;A331;Piel durazno ;estampado de minnie mouse ;Q0.00;Q0.00;;11;;
Estanteria 4, repisa A, nivel 2;A332;Tela para sudadero reversible ;gris ;Q0.00;Q0.00;;8;;
Estanteria 4, repisa A, nivel 2;A333;Piel durazno;gris ;Q0.00;Q0.00;;2;;
Estanteria 4, repisa A, nivel 2;A334;Faja ;beige ;Q0.00;Q0.00;;68.5;;
Estanteria 4, repisa A, nivel 2;A335;Piel dirazno ;Degrade de celeste ;Q0.00;Q0.00;;11;;
Estanteria 4, repisa A, nivel 2;A336;Piel de durazno ;morado ;Q0.00;Q0.00;;4;;
Estanteria 4, repisa A, nivel 2;A337;Algod�n licra ;rosado suave ;Q0.00;Q0.00;;1.75;;
Estanteria 4, repisa A, nivel 2;A338;Algod�n ;Rosado opaco con textura ;Q0.00;Q0.00;;1.5;;
Estanteria 4, repisa A, nivel 2;A339;Tela de pants ;negro ;Q0.00;Q0.00;;2.5;;
Estanteria 4, repisa A, nivel 2;A340;Tela de pants ;blanco ;Q0.00;Q0.00;;16.5;;
Estanteria 4, repisa A, nivel 2;A341;Licra ;gris ;Q0.00;Q0.00;;3;;
Estanteria 4, repisa A, nivel 2;A342;Licra ;amarillo neon ;Q0.00;Q0.00;;4.5;;
Estanteria 4, repisa A, nivel 2;A343;Piel durazno;hello kitty celeste ;Q0.00;Q0.00;;9;;
Estanteria 4, repisa A, nivel 2;A344;Piel durazno ;negro ;Q0.00;Q0.00;;3.5;;
Estanteria 4, repisa A, nivel 2;A345;barcelonita ;caf� ;Q0.00;Q0.00;;1.5;;
Estanteria 4, repisa A, nivel 2;A346;Licra ;rojo ;Q0.00;Q0.00;;1;;
Estanteria 4, repisa A, nivel 2;A347;Licra ;negra ;Q0.00;Q0.00;;2.5;;
Estanteria 4, repisa A, nivel 2;A348;Pana strech brocado ;negro ;Q0.00;Q0.00;;14;;
Estanteria 4, repisa A, nivel 2;A349;Piel dirazno ;estampado del grinch ;Q0.00;Q0.00;;11.5;;
Estanteria 4, repisa A, nivel 2;A350;Algod�n strech ;blanco ;Q0.00;Q0.00;;9;;
Estanteria 4, repisa A, nivel 2;A351;Escuba ;Estampado tropical ;Q0.00;Q0.00;;20.5;;
Estanteria 4, repisa A, nivel 2;A352;Yoga  ;azul con brillos ;Q0.00;Q0.00;;4.5;;
Estanteria 4, repisa A, nivel 2;A353;Piel durazno ;degrade de verde ;Q0.00;Q0.00;;5;;
Estanteria 4, repisa A, nivel 2;A354;Licra para calzoneta ;cuadricula verde y blanca  ;Q0.00;Q0.00;;10;;
Estanteria 4, repisa A, nivel 2;A355;Algod�n strech ;beige ;Q0.00;Q0.00;;2;;
Estanteria 4, repisa A, nivel 2;A356;Fantasia ;rojo ;Q0.00;Q0.00;;56;;
Estanteria 2, repisa A, nivel 2;A357;Chifon ;Estampado de flores ;Q0.00;Q0.00;;6;;
Estanteria 2, repisa A, nivel 2;A358;Algod�n sstrech ;palo rosa ;Q0.00;Q0.00;;1.5;;
Estanteria 2, repisa A, nivel 2;A359;Toalla ;rosada ;Q0.00;Q0.00;;15;;
Estanteria 2, repisa A, nivel 2;A360;Piel durazno ;degrade de azul ;Q0.00;Q0.00;;10;;
Estanteria 2, repisa A, nivel 2;A361;Crepe ;turquesa ;Q0.00;Q0.00;;1;;
Estanteria 2, repisa A, nivel 2;A362;Terciopelo ;Vrede ;Q0.00;Q0.00;;6;;
Estanteria 2, repisa A, nivel 2;A363;Fantasia ;champan con brillos ;Q0.00;Q0.00;;0.75;;
Estanteria 2, repisa A, nivel 2;A364;Lanilla;Blanco con verde ;Q0.00;Q0.00;;0.75;;
Estanteria 2, repisa A, nivel 2;A365;Piel Durazno ;Rojo ;Q0.00;Q0.00;;7.75;;
Estanteria 2, repisa A, nivel 2;A366;Piel durazno ;Gris ;Q0.00;Q0.00;;2.5;;
Estanteria 2, repisa A, nivel 2;A367;Piel dirazno;Estampado navide�o ;Q0.00;Q0.00;;1;;
Estanteria 2, repisa A, nivel 2;A368;Lanilla ;Rosada ;Q0.00;Q0.00;;2;;
Estanteria 2, repisa A, nivel 2;A369;Gabardina ;rojo;Q0.00;Q0.00;;1.5;;
Estanteria 2, repisa A, nivel 2;A370;Gabardina ;negro ;Q0.00;Q0.00;;20;;
Estanteria 2, repisa A, nivel 2;A371;Tela de sudadero ;Negro ;Q0.00;Q0.00;;1;;
Estanteria 2, repisa A, nivel 2;A372;Licra ;Negro ;Q0.00;Q0.00;;1.75;;
Estanteria 2, repisa A, nivel 2;A373;Licra ;Negra ;Q0.00;Q0.00;;2;;
Estanteria 2, repisa A, nivel 2;A374;Licra;gris ;Q0.00;Q0.00;;4;;
Estanteria 2, repisa A, nivel 2;A375;Fantasia ;Plateado ;Q0.00;Q0.00;;7;;
Estanteria 2, repisa A, nivel 2;A376;Piel de durazno ;blanco ;Q0.00;Q0.00;;2;;
Estanteria 2, repisa A, nivel 2;A377;Licra ;estampado de leopado;Q0.00;Q0.00;;1;;
Estanteria 2, repisa A, nivel 2;A378;Licra ;Blanco ;Q0.00;Q0.00;;1.5;;
Estanteria 2, repisa A, nivel 2;A379;Yoga ;corinta ;Q0.00;Q0.00;;1.75;;
Estanteria 2, repisa A, nivel 2;A380;Charli ;rayado azul ;Q0.00;Q0.00;;6.25;;
Estanteria 2, repisa A, nivel 2;A381;Tricra texturizada ;Estampado blanco y negro ;Q0.00;Q0.00;;3.5;;
Estanteria 2, repisa A, nivel 2;A382;Licra ;corinta ;Q0.00;Q0.00;;1.7;;
Estanteria 2, repisa A, nivel 2;A383;Piel durazno ;turquesa ;Q0.00;Q0.00;;1;;
Estanteria 2, repisa A, nivel 2;A384;Crepe ;amarillo ;Q0.00;Q0.00;;7.5;;
Estanteria 2, repisa A, nivel 2;A385;Algod�n ;rojo ;Q0.00;Q0.00;;1;;
Estanteria 2, repisa A, nivel 2;A386;Licra ;Celeste ;Q0.00;Q0.00;;1.7;;
Estanteria 2, repisa A, nivel 2;A387;Charli ;Blanco ;Q0.00;Q0.00;;0.5;;
Estanteria 2, repisa A, nivel 2;A388;Chifon estampado;Lunares rosados ;Q0.00;Q0.00;;1;;
Estanteria 2, repisa A, nivel 2;A389;Chifon decorado ;rosado con brillos ;Q0.00;Q0.00;;2;;
Estanteria 2, repisa A, nivel 2;A390;Escuba ;Etsmpado tropical;Q0.00;Q0.00;;1.5;;
Estanteria 2, repisa A, nivel 2;A391;Piel durazno ;Estampado floral ;Q0.00;Q0.00;;2;;
Estanteria 2, repisa A, nivel 2;A392;Escuba ;Estampado floral ;Q0.00;Q0.00;;4.5;;
Estanteria 2, repisa A, nivel 2;A393;Yoga ;rosado ckn  brillos ;Q0.00;Q0.00;;3.5;;
Estanteria 2, repisa A, nivel 2;A394;Fantasia ;plateado ;Q0.00;Q0.00;;2.75;;
Estanteria 2, repisa A, nivel 2;A395;Licra ;turquesa ;Q0.00;Q0.00;;6.25;;
Estanteria 2, repisa A, nivel 2;A396;Algod�n ;estampado ;Q0.00;Q0.00;;2;;
Estanteria 2, repisa A, nivel 2;A397;Licra algod�n ;negro ;Q0.00;Q0.00;;5.5;;
Estanteria 2, repisa A, nivel 2;A398;Licra ;amarillo fluorescente ;Q0.00;Q0.00;;1;;
Estanteria 2, repisa A, nivel 2;A399;Seda ;rosada ;Q0.00;Q0.00;;24;;
Estanteria 2, repisa A, nivel 2;A400;Licra ;morada ;Q0.00;Q0.00;;1;;
Estanteria 2, repisa A, nivel 2;A401;Algod�n licra ;roja ;Q0.00;Q0.00;;1;;
Estanteria 2, repisa A, nivel 2;A402;Algod�n ;negra ;Q0.00;Q0.00;;5;;
Estanteria 2, repisa A, nivel 2;A403;Piel durazno ;turquesa ;Q0.00;Q0.00;;1.5;;
Estanteria 2, repisa A, nivel 2;A404;Tela de sudadero ;negra ;Q0.00;Q0.00;;8;;
Estanteria 2, repisa A, nivel 2;A405;Licra ;rosada ;Q0.00;Q0.00;;1;;
Estanteria 2, repisa A, nivel 2;A406;Licra ;fuscia ;Q0.00;Q0.00;;1;;
Estanteria 2, repisa A, nivel 2;A407;Licra ;palo rosa ;Q0.00;Q0.00;;1.5;;
Estanteria 2, repisa A, nivel 2;A408;Piel durazno ;estampado floral ;Q0.00;Q0.00;;2;;
Estanteria 2, repisa A, nivel 2;A409;Yoga ;corinto ;Q0.00;Q0.00;;0.75;;
Estanteria 2, repisa A, nivel 2;A410;Fantasia ;Verde ;Q0.00;Q0.00;;1;;
Estanteria 2, repisa A, nivel 2;A411;Ponchito ;gris ;Q0.00;Q0.00;;0.5;;
Estanteria 2, repisa A, nivel 2;A412;Seda ;Rojo ;Q0.00;Q0.00;;1.5;;
Estanteria 2, repisa A, nivel 2;A413;Fantasia ;Rojo ;Q0.00;Q0.00;;2;;
Estanteria 2, repisa A, nivel 2;A414;Yoga ;Rosado ;Q0.00;Q0.00;;7.5;;
Estanteria 2, repisa A, nivel 2;A415;Fnatasia ;Plateado ;Q0.00;Q0.00;;1;;
Estanteria 2, repisa A, nivel 2;A416;Licra texturizado ;amarillo ;Q0.00;Q0.00;;2;;
Estanteria 2, repisa A, nivel 2;A417;algod�n licra ;Estampado floral ;Q0.00;Q0.00;;1;;
Estanteria 2, repisa A, nivel 2;A418;Tela de sudadero ;negro ;Q0.00;Q0.00;;1;;
Estanteria 2, repisa A, nivel 2;A419;Algod�n strech ;Rosado ;Q0.00;Q0.00;;1;;
Estanteria 2, repisa A, nivel 2;A420;Licra ;blanco ;Q0.00;Q0.00;;3;;
Estanteria 2, repisa A, nivel 2;A421;Algod�n strech ;rosado ;Q0.00;Q0.00;;1.5;;
Estanteria 2, repisa A, nivel 2;A422;Licra ;Estampado leopardo ;Q0.00;Q0.00;;1;;
Estanteria 2, repisa A, nivel 2;A423;Tela de sudadero ;Negro ;Q0.00;Q0.00;;1;;
Estanteria 2, repisa A, nivel 2;A424;Licra ;roja ;Q0.00;Q0.00;;1.5;;
Estanteria 2, repisa A, nivel 2;A425;Licra ;negro ;Q0.00;Q0.00;;2;;
Estanteria 2, repisa A, nivel 2;A426;Escuba ;turquesa ;Q0.00;Q0.00;;1;;
Estanteria 2, repisa A, nivel 2;A427;Chifon ;Morada ;Q0.00;Q0.00;;2.75;;
Estanteria 2, repisa A, nivel 2;A428;Piel durazno ;Estampado flral ;Q0.00;Q0.00;;2;;
Estanteria 2, repisa A, nivel 2;A429;Chifon ;Estampado floral ;Q0.00;Q0.00;;1.5;;
Estanteria 2, repisa A, nivel 2;A430;Licra ;Estampado negro con rosado ;Q0.00;Q0.00;;2;;
Estanteria 2, repisa A, nivel 2;A431;Tela de sudadero ;negro ;Q0.00;Q0.00;;1.5;;
Estanteria 2, repisa A, nivel 2;A432;Algod�n licra ;negro ;Q0.00;Q0.00;;1.5;;
Estanteria 2, repisa A, nivel 2;A433;Chifon ;cuadricula morado ;Q0.00;Q0.00;;1;;
Estanteria 2, repisa A, nivel 2;A434;Licra ;fusica ;Q0.00;Q0.00;;1;;
Estanteria 2, repisa A, nivel 2;A435;Licra ;turquesa con malla ;Q0.00;Q0.00;;1;;
Estanteria 2, repisa A, nivel 2;A436;Yoga ;rosado ;Q0.00;Q0.00;;3.5;;
Estanteria 2, repisa A, nivel 2;A437;seda ;negro ;Q0.00;Q0.00;;4.5;;
Estanteria 2, repisa A, nivel 2;A438;Dacron ;Morado ;Q0.00;Q0.00;;0.75;;
Estanteria 2, repisa A, nivel 2;A439;Chifon texturizado ;Blanco ;Q0.00;Q0.00;;1.5;;
Estanteria 2, repisa A, nivel 2;A440;Algod�n licra ;azul ;Q0.00;Q0.00;;2;;
Estanteria 2, repisa A, nivel 2;A441;Fantasia ;Corinto con brillos ;Q0.00;Q0.00;;5;;
Estanteria 2, repisa A, nivel 2;A442;Escuba ;Estampado floral ;Q0.00;Q0.00;;1.5;;
Estanteria 2, repisa A, nivel 2;A443;Tela para tapiz ;rayas azules ;Q0.00;Q0.00;;2;;
Estanteria 2, repisa A, nivel 2;A444;Licra ;negro con rayas ;Q0.00;Q0.00;;2;;
Estanteria 2, repisa A, nivel 2;A445;Algod�n ;amarillo ;Q0.00;Q0.00;;5;;
Estanteria 2, repisa A, nivel 2;A446;Licra;morada ;Q0.00;Q0.00;;0.75;;
Estanteria 2, repisa A, nivel 2;A447;Fantasia ;verde ;Q0.00;Q0.00;;1;;
Estanteria 2, repisa A, nivel 2;A448;Algod�n ;negro ;Q0.00;Q0.00;;0.75;;
Estanteria 2, repisa A, nivel 2;A449;Ponchito ;Negro ;Q0.00;Q0.00;;0.75;;
Estanteria 2, repisa A, nivel 2;A450;Licra estampada ;mickey mouse gris ;Q0.00;Q0.00;;4.5;;
Estanteria 2, repisa A, nivel 2;A451;0;0;Q0.00;Q0.00;;0;;
Estanteria 2, repisa A, nivel 2;A452;0;0;Q0.00;Q0.00;;0;;
Estanteria 2, repisa A, nivel 2;A453;0;0;Q0.00;Q0.00;;0;;
Estanteria 2, repisa A, nivel 2;A454;0;0;Q0.00;Q0.00;;0;;
Estanteria 2, repisa A, nivel 2;A455;0;0;Q0.00;Q0.00;;0;;
Estanteria 2, repisa A, nivel 2;A456;0;0;Q0.00;Q0.00;;0;;
Estanteria 2, repisa A, nivel 2;A457;0;0;Q0.00;Q0.00;;0;;
Estanteria 2, repisa A, nivel 2;A458;0;0;Q0.00;Q0.00;;0;;
Estanteria 2, repisa A, nivel 2;A459;0;0;Q0.00;Q0.00;;0;;
Estanteria 2, repisa A, nivel 2;A460;0;0;Q0.00;Q0.00;;0;;
Estanteria 2, repisa A, nivel 2;A461;0;0;Q0.00;Q0.00;;0;;
Estanteria 2, repisa A, nivel 2;A462;0;0;Q0.00;Q0.00;;0;;
Estanteria 2, repisa A, nivel 2;A463;0;0;Q0.00;Q0.00;;0;;
Estanteria 2, repisa A, nivel 2;A464;0;0;Q0.00;Q0.00;;0;;
Estanteria 2, repisa A, nivel 2;A465;0;0;Q0.00;Q0.00;;0;;
Estanteria 2, repisa A, nivel 2;A466;0;0;Q0.00;Q0.00;;0;;
Estanteria 2, repisa A, nivel 2;A467;0;0;Q0.00;Q0.00;;0;;
Estanteria 2, repisa A, nivel 2;A468;0;0;Q0.00;Q0.00;;0;;
Estanteria 2, repisa A, nivel 2;A469;0;0;Q0.00;Q0.00;;0;;
Estanteria 2, repisa A, nivel 2;A470;0;0;Q0.00;Q0.00;;0;;
Estanteria 2, repisa A, nivel 2;A471;0;0;Q0.00;Q0.00;;0;;
Estanteria 2, repisa A, nivel 2;A472;0;0;Q0.00;Q0.00;;0;;
Estanteria 2, repisa A, nivel 2;A473;0;0;Q0.00;Q0.00;;0;;
Estanteria 2, repisa A, nivel 2;A474;0;0;Q0.00;Q0.00;;0;;
Estanteria 2, repisa A, nivel 2;A475;0;0;Q0.00;Q0.00;;0;;
Estanteria 2, repisa A, nivel 2;A476;0;0;Q0.00;Q0.00;;0;;
Estanteria 2, repisa A, nivel 2;A477;0;0;Q0.00;Q0.00;;0;;
Estanteria 2, repisa A, nivel 2;A478;0;0;Q0.00;Q0.00;;0;;
Estanteria 2, repisa A, nivel 2;A479;0;0;Q0.00;Q0.00;;0;;
Estanteria 2, repisa A, nivel 2;A480;0;0;Q0.00;Q0.00;;0;;
Estanteria 2, repisa A, nivel 2;A481;0;0;Q0.00;Q0.00;;0;;
Estanteria 2, repisa A, nivel 2;A482;0;0;Q0.00;Q0.00;;0;;
Estanteria 2, repisa A, nivel 2;A483;0;0;Q0.00;Q0.00;;0;;
Estanteria 2, repisa A, nivel 2;A484;0;0;Q0.00;Q0.00;;0;;
Estanteria 2, repisa A, nivel 2;A485;0;0;Q0.00;Q0.00;;0;;
Estanteria 2, repisa A, nivel 2;A486;0;0;Q0.00;Q0.00;;0;;
Estanteria 2, repisa A, nivel 2;A487;0;0;Q0.00;Q0.00;;0;;
Estanteria 2, repisa A, nivel 2;A488;0;0;Q0.00;Q0.00;;0;;
Estanteria 2, repisa A, nivel 2;A489;0;0;Q0.00;Q0.00;;0;;
Estanteria 2, repisa A, nivel 2;A490;0;0;Q0.00;Q0.00;;0;;
Estanteria 2, repisa A, nivel 2;A491;0;0;Q0.00;Q0.00;;0;;
Estanteria 2, repisa A, nivel 2;A492;0;0;Q0.00;Q0.00;;0;;
Estanteria 2, repisa A, nivel 2;A493;0;0;Q0.00;Q0.00;;0;;
Estanteria 2, repisa A, nivel 2;A494;0;0;Q0.00;Q0.00;;0;;
Estanteria 2, repisa A, nivel 2;A495;0;0;Q0.00;Q0.00;;0;;
Estanteria 2, repisa A, nivel 2;A496;0;0;Q0.00;Q0.00;;0;;
Estanteria 2, repisa A, nivel 2;A497;0;0;Q0.00;Q0.00;;0;;
Estanteria 2, repisa A, nivel 2;A498;0;0;Q0.00;Q0.00;;0;;
Estanteria 2, repisa A, nivel 2;A499;0;0;Q0.00;Q0.00;;0;;
Estanteria 2, repisa A, nivel 2;A500;0;0;Q0.00;Q0.00;;0;;
Estanteria 2, repisa A, nivel 2;A501;0;0;Q0.00;Q0.00;;0;;
Estanteria 2, repisa A, nivel 2;A502;0;0;Q0.00;Q0.00;;0;;
Estanteria 2, repisa A, nivel 2;A503;0;0;Q0.00;Q0.00;;0;;
Estanteria 2, repisa A, nivel 2;A504;0;0;Q0.00;Q0.00;;0;;
Estanteria 2, repisa A, nivel 2;A505;0;0;Q0.00;Q0.00;;0;;
Estanteria 2, repisa A, nivel 2;A506;0;0;Q0.00;Q0.00;;0;;
Estanteria 2, repisa A, nivel 2;A507;0;0;Q0.00;Q0.00;;0;;
Estanteria 2, repisa A, nivel 2;A508;0;0;Q0.00;Q0.00;;0;;
Estanteria 2, repisa A, nivel 2;A509;0;0;Q0.00;Q0.00;;0;;
Estanteria 2, repisa A, nivel 2;A510;0;0;Q0.00;Q0.00;;0;;
Estanteria 2, repisa A, nivel 2;A511;0;0;Q0.00;Q0.00;;0;;
Estanteria 2, repisa A, nivel 2;A512;0;0;Q0.00;Q0.00;;0;;
Estanteria 2, repisa A, nivel 2;A513;0;0;Q0.00;Q0.00;;0;;
Estanteria 2, repisa A, nivel 2;A514;0;0;Q0.00;Q0.00;;0;;
Estanteria 2, repisa A, nivel 2;A515;0;0;Q0.00;Q0.00;;0;;
Estanteria 2, repisa A, nivel 2;A516;0;0;Q0.00;Q0.00;;0;;
Estanteria 2, repisa A, nivel 2;A517;0;0;Q0.00;Q0.00;;0;;
Estanteria 2, repisa A, nivel 2;A518;0;0;Q0.00;Q0.00;;0;;
Estanteria 2, repisa A, nivel 2;A519;0;0;Q0.00;Q0.00;;0;;
Estanteria 2, repisa A, nivel 2;A520;0;0;Q0.00;Q0.00;;0;;
Estanteria 2, repisa A, nivel 2;A521;0;0;Q0.00;Q0.00;;0;;
Estanteria 2, repisa A, nivel 2;A522;0;0;Q0.00;Q0.00;;0;;
Estanteria 2, repisa A, nivel 2;A523;0;0;Q0.00;Q0.00;;0;;
Estanteria 2, repisa A, nivel 2;A524;0;0;Q0.00;Q0.00;;0;;
Estanteria 2, repisa A, nivel 2;A525;0;0;Q0.00;Q0.00;;0;;
Estanteria 2, repisa A, nivel 2;A526;0;0;Q0.00;Q0.00;;0;;
Estanteria 2, repisa A, nivel 2;A527;0;0;Q0.00;Q0.00;;0;;
Estanteria 2, repisa A, nivel 2;A528;0;0;Q0.00;Q0.00;;0;;
Estanteria 2, repisa A, nivel 2;A529;0;0;Q0.00;Q0.00;;0;;
Estanteria 2, repisa A, nivel 2;A530;0;0;Q0.00;Q0.00;;0;;
Estanteria 2, repisa A, nivel 2;A531;0;0;Q0.00;Q0.00;;0;;
Estanteria 2, repisa A, nivel 2;A532;0;0;Q0.00;Q0.00;;0;;
Estanteria 2, repisa A, nivel 2;A533;0;0;Q0.00;Q0.00;;0;;
Estanteria 2, repisa A, nivel 2;A534;0;0;Q0.00;Q0.00;;0;;
Estanteria 2, repisa A, nivel 2;A535;0;0;Q0.00;Q0.00;;0;;
Estanteria 2, repisa A, nivel 2;A536;0;0;Q0.00;Q0.00;;0;;
Estanteria 2, repisa A, nivel 2;A537;0;0;Q0.00;Q0.00;;0;;
Estanteria 2, repisa A, nivel 2;A538;0;0;Q0.00;Q0.00;;0;;
Estanteria 2, repisa A, nivel 2;A539;0;0;Q0.00;Q0.00;;0;;
Estanteria 2, repisa A, nivel 2;A540;0;0;Q0.00;Q0.00;;0;;
Estanteria 2, repisa A, nivel 2;A541;0;0;Q0.00;Q0.00;;0;;
Estanteria 2, repisa A, nivel 2;A542;0;0;Q0.00;Q0.00;;0;;
Estanteria 2, repisa A, nivel 2;A543;0;0;Q0.00;Q0.00;;0;;
Estanteria 2, repisa A, nivel 2;A544;0;0;Q0.00;Q0.00;;0;;
Estanteria 2, repisa A, nivel 2;A545;0;0;Q0.00;Q0.00;;0;;
Estanteria 2, repisa A, nivel 2;A546;0;0;Q0.00;Q0.00;;0;;
Estanteria 2, repisa A, nivel 2;A547;0;0;Q0.00;Q0.00;;0;;
Estanteria 2, repisa A, nivel 2;A548;0;0;Q0.00;Q0.00;;0;;
Estanteria 2, repisa A, nivel 2;A549;0;0;Q0.00;Q0.00;;0;;
Estanteria 2, repisa A, nivel 2;A550;0;0;Q0.00;Q0.00;;0;;
Estanteria 2, repisa A, nivel 2;A551;0;0;Q0.00;Q0.00;;0;;
Estanteria 2, repisa A, nivel 2;A552;0;0;Q0.00;Q0.00;;0;;
Estanteria 2, repisa A, nivel 2;A553;0;0;Q0.00;Q0.00;;0;;
Estanteria 2, repisa A, nivel 2;A554;0;0;Q0.00;Q0.00;;0;;
Estanteria 2, repisa A, nivel 2;A555;0;0;Q0.00;Q0.00;;0;;
Estanteria 2, repisa A, nivel 2;A556;0;0;Q0.00;Q0.00;;0;;
Estanteria 2, repisa A, nivel 2;A557;0;0;Q0.00;Q0.00;;0;;
Estanteria 2, repisa A, nivel 2;A558;0;0;Q0.00;Q0.00;;0;;
Estanteria 2, repisa A, nivel 2;A559;0;0;Q0.00;Q0.00;;0;;
Estanteria 2, repisa A, nivel 2;A560;0;0;Q0.00;Q0.00;;0;;
Estanteria 2, repisa A, nivel 2;A561;0;0;Q0.00;Q0.00;;0;;
Estanteria 2, repisa A, nivel 2;A562;0;0;Q0.00;Q0.00;;0;;
Estanteria 2, repisa A, nivel 2;A563;0;0;Q0.00;Q0.00;;0;;
Estanteria 2, repisa A, nivel 2;A564;0;0;Q0.00;Q0.00;;0;;
Estanteria 2, repisa A, nivel 2;A565;0;0;Q0.00;Q0.00;;0;;
Estanteria 2, repisa A, nivel 2;A566;0;0;Q0.00;Q0.00;;0;;
Estanteria 2, repisa A, nivel 2;A567;0;0;Q0.00;Q0.00;;0;;
Estanteria 2, repisa A, nivel 2;A568;0;0;Q0.00;Q0.00;;0;;
Estanteria 2, repisa A, nivel 2;A569;0;0;Q0.00;Q0.00;;0;;
Estanteria 2, repisa A, nivel 2;A570;0;0;Q0.00;Q0.00;;0;;
Estanteria 2, repisa A, nivel 2;A571;0;0;Q0.00;Q0.00;;0;;
Estanteria 2, repisa A, nivel 2;A572;0;0;Q0.00;Q0.00;;0;;
Estanteria 2, repisa A, nivel 2;A573;0;0;Q0.00;Q0.00;;0;;
Estanteria 2, repisa A, nivel 2;A574;0;0;Q0.00;Q0.00;;0;;
Estanteria 2, repisa A, nivel 2;A575;0;0;Q0.00;Q0.00;;0;;
Estanteria 2, repisa A, nivel 2;A576;0;0;Q0.00;Q0.00;;0;;
Estanteria 2, repisa A, nivel 2;A577;0;0;Q0.00;Q0.00;;0;;
Estanteria 2, repisa A, nivel 2;A578;0;0;Q0.00;Q0.00;;0;;
Estanteria 2, repisa A, nivel 2;A579;0;0;Q0.00;Q0.00;;0;;
Estanteria 2, repisa A, nivel 2;A580;0;0;Q0.00;Q0.00;;0;;
Estanteria 2, repisa A, nivel 2;A581;0;0;Q0.00;Q0.00;;0;;
Estanteria 2, repisa A, nivel 2;A582;0;0;Q0.00;Q0.00;;0;;
Estanteria 2, repisa A, nivel 2;A583;0;0;Q0.00;Q0.00;;0;;
Estanteria 2, repisa A, nivel 2;A584;0;0;Q0.00;Q0.00;;0;;
Estanteria 2, repisa A, nivel 2;A585;0;0;Q0.00;Q0.00;;0;;
Estanteria 2, repisa A, nivel 2;A586;0;0;Q0.00;Q0.00;;0;;
Estanteria 2, repisa A, nivel 2;A587;0;0;Q0.00;Q0.00;;0;;
Estanteria 2, repisa A, nivel 2;A588;0;0;Q0.00;Q0.00;;0;;
Estanteria 2, repisa A, nivel 2;A589;0;0;Q0.00;Q0.00;;0;;
Estanteria 2, repisa A, nivel 2;A590;0;0;Q0.00;Q0.00;;0;;
Estanteria 2, repisa A, nivel 2;A591;0;0;Q0.00;Q0.00;;0;;
Estanteria 2, repisa A, nivel 2;A592;0;0;Q0.00;Q0.00;;0;;
Estanteria 2, repisa A, nivel 2;A593;0;0;Q0.00;Q0.00;;0;;
Estanteria 2, repisa A, nivel 2;A594;0;0;Q0.00;Q0.00;;0;;
Estanteria 2, repisa A, nivel 2;A595;0;0;Q0.00;Q0.00;;0;;
Estanteria 2, repisa A, nivel 2;A596;0;0;Q0.00;Q0.00;;0;;
Estanteria 2, repisa A, nivel 2;A597;0;0;Q0.00;Q0.00;;0;;
Estanteria 2, repisa A, nivel 2;A598;0;0;Q0.00;Q0.00;;0;;
Estanteria 2, repisa A, nivel 2;A599;0;0;Q0.00;Q0.00;;0;;
Estanteria 2, repisa A, nivel 2;A600;0;0;Q0.00;Q0.00;;0;;
Estanteria 2, repisa A, nivel 2;A601;0;0;Q0.00;Q0.00;;0;;
Estanteria 2, repisa A, nivel 2;A602;0;0;Q0.00;Q0.00;;0;;
Estanteria 2, repisa A, nivel 2;A603;0;0;Q0.00;Q0.00;;0;;
Estanteria 2, repisa A, nivel 2;A604;0;0;Q0.00;Q0.00;;0;;
Estanteria 2, repisa A, nivel 2;A605;0;0;Q0.00;Q0.00;;0;;
Estanteria 2, repisa A, nivel 2;A606;0;0;Q0.00;Q0.00;;0;;
Estanteria 2, repisa A, nivel 2;A607;0;0;Q0.00;Q0.00;;0;;
Estanteria 2, repisa A, nivel 2;A608;0;0;Q0.00;Q0.00;;0;;
Estanteria 2, repisa A, nivel 2;A609;0;0;Q0.00;Q0.00;;0;;
Estanteria 2, repisa A, nivel 2;A610;0;0;Q0.00;Q0.00;;0;;
Estanteria 2, repisa A, nivel 2;A611;0;0;Q0.00;Q0.00;;0;;
Estanteria 2, repisa A, nivel 2;A612;0;0;Q0.00;Q0.00;;0;;
Estanteria 2, repisa A, nivel 2;A613;0;0;Q0.00;Q0.00;;0;;
Estanteria 2, repisa A, nivel 2;A614;0;0;Q0.00;Q0.00;;0;;
Estanteria 2, repisa A, nivel 2;A615;0;0;Q0.00;Q0.00;;0;;
Estanteria 2, repisa A, nivel 2;A616;0;0;Q0.00;Q0.00;;0;;
Estanteria 2, repisa A, nivel 2;A617;0;0;Q0.00;Q0.00;;0;;
Estanteria 2, repisa A, nivel 2;A618;0;0;Q0.00;Q0.00;;0;;
Estanteria 2, repisa A, nivel 2;A619;0;0;Q0.00;Q0.00;;0;;
Estanteria 2, repisa A, nivel 2;A620;0;0;Q0.00;Q0.00;;0;;
Estanteria 2, repisa A, nivel 2;A621;0;0;Q0.00;Q0.00;;0;;
Estanteria 2, repisa A, nivel 2;A622;0;0;Q0.00;Q0.00;;0;;
Estanteria 2, repisa A, nivel 2;A623;0;0;Q0.00;Q0.00;;0;;
Estanteria 2, repisa A, nivel 2;A624;0;0;Q0.00;Q0.00;;0;;
Estanteria 2, repisa A, nivel 2;A625;0;0;Q0.00;Q0.00;;0;;
Estanteria 2, repisa A, nivel 2;A626;0;0;Q0.00;Q0.00;;0;;
Estanteria 2, repisa A, nivel 2;A627;0;0;Q0.00;Q0.00;;0;;
Estanteria 2, repisa A, nivel 2;A628;0;0;Q0.00;Q0.00;;0;;
Estanteria 2, repisa A, nivel 2;A629;0;0;Q0.00;Q0.00;;0;;
Estanteria 2, repisa A, nivel 2;A630;0;0;Q0.00;Q0.00;;0;;
Estanteria 2, repisa A, nivel 2;A631;0;0;Q0.00;Q0.00;;0;;
Estanteria 2, repisa A, nivel 2;A632;0;0;Q0.00;Q0.00;;0;;
Estanteria 2, repisa A, nivel 2;A633;0;0;Q0.00;Q0.00;;0;;
Estanteria 2, repisa A, nivel 2;A634;0;0;Q0.00;Q0.00;;0;;
Estanteria 2, repisa A, nivel 2;A635;0;0;Q0.00;Q0.00;;0;;
Estanteria 2, repisa A, nivel 2;A636;0;0;Q0.00;Q0.00;;0;;
Estanteria 2, repisa A, nivel 2;A637;0;0;Q0.00;Q0.00;;0;;
Estanteria 2, repisa A, nivel 2;A638;0;0;Q0.00;Q0.00;;0;;
Estanteria 2, repisa A, nivel 2;A639;0;0;Q0.00;Q0.00;;0;;
Estanteria 2, repisa A, nivel 2;A640;0;0;Q0.00;Q0.00;;0;;
Estanteria 2, repisa A, nivel 2;A641;0;0;Q0.00;Q0.00;;0;;
Estanteria 2, repisa A, nivel 2;A642;0;0;Q0.00;Q0.00;;0;;
Estanteria 2, repisa A, nivel 2;A643;0;0;Q0.00;Q0.00;;0;;
Estanteria 2, repisa A, nivel 2;A644;0;0;Q0.00;Q0.00;;0;;
Estanteria 2, repisa A, nivel 2;A645;0;0;Q0.00;Q0.00;;0;;
Estanteria 2, repisa A, nivel 2;A646;0;0;Q0.00;Q0.00;;0;;
Estanteria 2, repisa A, nivel 2;A647;0;0;Q0.00;Q0.00;;0;;
Estanteria 2, repisa A, nivel 2;A648;0;0;Q0.00;Q0.00;;0;;
Estanteria 2, repisa A, nivel 2;A649;0;0;Q0.00;Q0.00;;0;;
Estanteria 2, repisa A, nivel 2;A650;0;0;Q0.00;Q0.00;;0;;
Estanteria 2, repisa A, nivel 2;A651;0;0;Q0.00;Q0.00;;0;;
Estanteria 2, repisa A, nivel 2;A652;0;0;Q0.00;Q0.00;;0;;
Estanteria 2, repisa A, nivel 2;A653;0;0;Q0.00;Q0.00;;0;;
Estanteria 2, repisa A, nivel 2;A654;0;0;Q0.00;Q0.00;;0;;
Estanteria 2, repisa A, nivel 2;A655;0;0;Q0.00;Q0.00;;0;;
Estanteria 2, repisa A, nivel 2;A656;0;0;Q0.00;Q0.00;;0;;
Estanteria 2, repisa A, nivel 2;A657;0;0;Q0.00;Q0.00;;0;;
Estanteria 2, repisa A, nivel 2;A658;0;0;Q0.00;Q0.00;;0;;
Estanteria 2, repisa A, nivel 2;A659;0;0;Q0.00;Q0.00;;0;;
Estanteria 2, repisa A, nivel 2;A660;0;0;Q0.00;Q0.00;;0;;
Estanteria 2, repisa A, nivel 2;A661;0;0;Q0.00;Q0.00;;0;;
Estanteria 2, repisa A, nivel 2;A662;0;0;Q0.00;Q0.00;;0;;
Estanteria 2, repisa A, nivel 2;A663;0;0;Q0.00;Q0.00;;0;;
Estanteria 2, repisa A, nivel 2;A664;0;0;Q0.00;Q0.00;;0;;
Estanteria 2, repisa A, nivel 2;A665;0;0;Q0.00;Q0.00;;0;;
Estanteria 2, repisa A, nivel 2;A666;0;0;Q0.00;Q0.00;;0;;
Estanteria 2, repisa A, nivel 2;A667;0;0;Q0.00;Q0.00;;0;;
Estanteria 2, repisa A, nivel 2;A668;0;0;Q0.00;Q0.00;;0;;
Estanteria 2, repisa A, nivel 2;A669;0;0;Q0.00;Q0.00;;0;;
Estanteria 2, repisa A, nivel 2;A670;0;0;Q0.00;Q0.00;;0;;
Estanteria 2, repisa A, nivel 2;A671;0;0;Q0.00;Q0.00;;0;;
Estanteria 2, repisa A, nivel 2;A672;0;0;Q0.00;Q0.00;;0;;
Estanteria 2, repisa A, nivel 2;A673;0;0;Q0.00;Q0.00;;0;;
Estanteria 2, repisa A, nivel 2;A674;0;0;Q0.00;Q0.00;;0;;
Estanteria 2, repisa A, nivel 2;A675;0;0;Q0.00;Q0.00;;0;;
Estanteria 2, repisa A, nivel 2;A676;0;0;Q0.00;Q0.00;;0;;
Estanteria 2, repisa A, nivel 2;A677;0;0;Q0.00;Q0.00;;0;;
Estanteria 2, repisa A, nivel 2;A678;0;0;Q0.00;Q0.00;;0;;
Estanteria 2, repisa A, nivel 2;A679;0;0;Q0.00;Q0.00;;0;;
Estanteria 2, repisa A, nivel 2;A680;0;0;Q0.00;Q0.00;;0;;
Estanteria 2, repisa A, nivel 2;A681;0;0;Q0.00;Q0.00;;0;;
Estanteria 2, repisa A, nivel 2;A682;0;0;Q0.00;Q0.00;;0;;
Estanteria 2, repisa A, nivel 2;A683;0;0;Q0.00;Q0.00;;0;;
Estanteria 2, repisa A, nivel 2;A684;0;0;Q0.00;Q0.00;;0;;
Estanteria 2, repisa A, nivel 2;A685;0;0;Q0.00;Q0.00;;0;;
Estanteria 2, repisa A, nivel 2;A686;0;0;Q0.00;Q0.00;;0;;
Estanteria 2, repisa A, nivel 2;A687;0;0;Q0.00;Q0.00;;0;;
